代码,名称(30),流通市值Z,涨幅%,封单额,现价,总金额,现量,10日涨幅%,20日涨幅%,涨跌,细分行业,买价,卖价,总量,涨速%,换手%,今开,最高,最低,昨收,市盈(动),量比,地区,振幅%,均价,内盘,外盘
600678,四川金顶,         19.42亿,10.06,19397.84,7,26391.17,162,81.35,7.36,0.64,水泥制造,7,--  ,384114,0,11.01,6.86,7,6.68,6.36,--  ,0.74,四川,5.03,6.87,163135,220979
600895,张江高科,        151.77亿,10.01,27071.96,19.9,103545,513,18.52,12.18,1.81,产业地产,19.9,--  ,531730,0,3.43,18.49,19.9,18.38,18.09,30.26,0.85,上海,8.4,19.47,270583,261146
002611,东方精工,         57.35亿,9.98,20902.78,7.27,176774.03,2104,83.59,48.37,0.66,印刷包装机械,7.27,--  ,2471291,0,24.33,7.15,7.27,6.9,6.61,24.88,8.76,广东,5.6,7.15,1324611,1146680
002049,紫光国微,        449.99亿,10,21411.14,71.59,423078.66,485,35.92,24.37,6.51,集成电路设计,71.59,--  ,600935,0,7.07,65,71.59,64.93,65.08,22.46,2.09,河北,10.23,70.4,342764,258171
000723,美锦能源,        165.86亿,9.94,12045.95,6.86,79537.49,2875,20.77,19.51,0.62,焦炭加工,6.86,--  ,1207165,0,3.02,6.18,6.86,6.18,6.24,54.82,2,山西,10.9,6.59,669070,538095
601127,赛力斯,        644.75亿,10,39193.44,91.93,917679.92,4117,35.43,48.23,8.36,综合乘用车,91.93,--  ,1034229,0,6.85,83.58,91.93,83.58,83.57,--  ,1.24,重庆,9.99,88.73,459485,574744
000938,紫光股份,        369.75亿,10,4529.17,22.1,485916.31,7727,37.27,28.19,2.01,其他IT设备,22.1,--  ,2243646,0,7.84,20.1,22.1,20.1,20.09,30.77,1.93,北京,9.96,21.66,972578,1271068
000063,中兴通讯,        916.13亿,9.06,--  ,29.86,1000256.2,49333,28.98,24.31,2.48,系统设备,29.85,29.86,3453449,-0.16,8.58,27.18,29.98,27.16,27.38,13.66,1.72,深圳,10.3,28.96,1480399,1973050
000628,高新发展,        121.90亿,10,5557.15,73.81,572123.9,586,107.62,61.79,6.71,房屋建设,73.81,--  ,799125,0,41.61,67.2,73.81,67.2,67.1,76.82,1.27,四川,9.85,71.59,427885,371240
603019,中科曙光,        576.41亿,4.52,--  ,49.71,1162674.07,28221,52.25,47.77,2.15,其他IT设备,49.71,49.72,2348190,0.67,16.14,48.56,51.36,47.8,47.56,72.73,1.74,天津,7.49,49.51,1112012,1236178
600860,京城股份,         22.86亿,10.01,7330.18,12.53,66294.22,37,62.73,11.18,1.14,金属制品,12.53,--  ,541756,0,12.65,11.75,12.53,11.38,11.39,--  ,2.73,北京,10.1,12.24,246391,295365
002456,欧菲光,        184.38亿,9.97,17194.02,8.16,200835,12976,19.47,9.53,0.74,消费电子组件,8.16,--  ,2566248,0,7.92,7.35,8.16,7.35,7.42,--  ,1.33,深圳,10.92,7.83,1105831,1460417
603798,康普顿,         12.42亿,9.96,8589.13,10.05,6980.55,48,64.75,-6.07,0.91,其他石化,10.05,--  ,70567,0,2.75,9.59,10.05,9.59,9.14,40.18,0.45,山东,5.03,9.89,36065,34502
300152,新动力,         19.47亿,20.07,6533.22,3.29,50974.5,2009,119.33,26.54,0.55,环保设备,3.29,--  ,1767695,0,24.81,2.67,3.29,2.4,2.74,--  ,2.64,河北,32.48,2.88,809701,957993
002639,雪人股份,         45.21亿,9.97,6722.02,7.39,50873.06,1634,34.36,13.52,0.67,制冷空调设备,7.39,--  ,718247,0,11.04,6.54,7.39,6.52,6.72,240.96,3.21,福建,12.95,7.08,308724,409522
002325,洪涛股份,         23.58亿,10.19,7601.86,1.73,17098.63,1388,19.31,-1.14,0.16,装修装饰,1.73,--  ,1021878,0,7.1,1.64,1.73,1.59,1.57,--  ,0.67,深圳,8.92,1.67,421699,600179
603220,中贝通信,         74.46亿,10,2521.21,33.67,239011.05,693,55.52,24.47,3.06,网络工程施工,33.67,--  ,740474,0,22.18,30.5,33.67,30.36,30.61,84.03,1.13,湖北,10.81,32.28,347090,393384
603960,克来机电,         59.38亿,-1.16,--  ,36.5,246212.74,19090,90.7,204.67,-0.43,汽车电子电气系统,36.49,36.5,705442,0.72,26.97,33.26,36.83,33.26,36.93,168.04,2.57,上海,9.67,34.9,359308,346134
300735,光弘科技,         74.24亿,19.99,9597.82,20.77,180631.83,4144,33.74,14.44,3.46,消费电子组件,20.77,--  ,955455,0,12.69,17.01,20.77,16.99,17.31,50.33,1.23,广东,21.84,18.91,417900,537555
600571,信雅达,         56.77亿,9.99,3872.32,16.19,248293.84,2294,103.65,38.38,1.47,行业应用软件,16.19,--  ,1588593,0,35.65,15.1,16.19,14.93,14.72,106.4,1.66,浙江,8.56,15.63,695280,893313
000572,海马汽车,         44.96亿,10,4234.93,4.18,45319.55,1352,40.74,0.48,0.38,综合乘用车,4.18,--  ,1124742,0,6.85,3.7,4.18,3.69,3.8,--  ,1.41,海南,12.89,4.03,565907,558835
002281,光迅科技,        139.42亿,10,870.28,30.02,284756.43,2469,30.69,16.9,2.73,网络接配及塔设,30.02,--  ,962641,0,12.74,27.59,30.02,27.52,27.29,43.15,1.67,湖北,9.16,29.58,471330,491311
000670,盈方微,         34.11亿,10.06,5891.46,5.47,11233.54,390,38.13,-4.04,0.5,其他电子,5.47,--  ,210789,0,2.92,4.96,5.47,4.9,4.97,--  ,0.54,湖北,11.47,5.33,135236,75553
002400,省广集团,         82.96亿,10,12085.49,6.16,120184.93,2893,17.56,22.22,0.56,互联网广告,6.16,--  ,2004267,0,11.97,5.56,6.16,5.56,5.6,91.94,1.08,广东,10.71,6,880557,1123710
300293,蓝英装备,         25.42亿,20.02,2385.15,14.87,98538.59,158,75.98,19.15,2.48,其他专用设备,14.87,--  ,681256,0,24.3,12.25,14.87,12.25,12.39,--  ,1.88,辽宁,21.15,14.46,353126,328130
600218,全柴动力,         22.32亿,10.01,2722.98,7.8,11749.58,220,35.89,-1.89,0.71,内燃机,7.8,--  ,157075,0,3.81,7.01,7.8,6.93,7.09,34.42,1.14,安徽,12.27,7.48,78232,78843
603109,神驰机电,         14.53亿,9.99,27417.5,20.15,5803.16,23,72.66,33.27,1.83,其他发电设备,20.15,--  ,28800,0,1.39,20.15,20.15,20.15,18.32,17.08,0.19,重庆,0,20.15,21533,7267
300471,厚普股份,         27.52亿,20.02,1117.35,11.99,38874.82,812,51.2,12.79,2,其他专用设备,11.99,--  ,345005,0,9.9,9.88,11.99,9.75,9.99,--  ,3.79,四川,22.42,11.27,158779,186226
603895,天永智能,          8.93亿,9.99,3185.88,26.64,25353.54,266,98.81,3.94,2.42,其他专用设备,26.64,--  ,102078,0,9.44,21.8,26.64,21.8,24.22,262.83,2.23,上海,19.98,24.84,38704,63374
603273,天元智能,         12.40亿,10.01,4221.84,23.62,54702.83,15,62.34,14.66,2.15,其他专用设备,23.62,--  ,237023,0,45.15,22,23.62,21.6,21.47,83.63,2.18,江苏,9.41,23.08,106272,130751
数据来源:通达信,,,,,,,,,,,,,,,,,,,,,,,,,,,
